epoch,train_loss,val_loss
0,3.3278180435299873,3.2391453782717385
